area,population,iso,country,capital,continent,tld,currency_code,currency_name,phone,postal_code_format,postal_code_regex,languages,neighbours
"2,717,300 square kilometres","15,340,000",KZ,Kazakhstan,Astana,AS,.kz,KZT,Tenge,7,######,^(\d{6})$,"kk,ru",TM CN KG UZ RU 
"92,300 square kilometres","6,407,085",JO,Jordan,Amman,AS,.jo,JOD,Dinar,962,#####,^(\d{5})$,"ar-JO,en",SY SA IQ IL PS 
116 square kilometres,"90,812",JE,Jersey,Saint Helier,EU,.je,GBP,Pound,-1490,@# #@@|@## #@@|@@# #@@|@@## #@@|@#@ #@@|@@#@ #@@|GIR0AA,^(([A-Z]\d{2}[A-Z]{2})|([A-Z]\d{3}[A-Z]{2})|([A-Z]{2}\d{2}[A-Z]{2})|([A-Z]{2}\d{3}[A-Z]{2})|([A-Z]\d[A-Z]\d[A-Z]{2})|([A-Z]{2}\d[A-Z]\d[A-Z]{2})|(GIR0AA))$,"en,pt", 
"377,835 square kilometres","127,288,000",JP,Japan,Tokyo,AS,.jp,JPY,Yen,81,###-####,^(\d{7})$,ja, 
"10,991 square kilometres","2,847,232",JM,Jamaica,Kingston,NA,.jm,JMD,Dollar,-875,,,en-JM, 
"322,460 square kilometres","21,058,798",CI,Ivory Coast,Yamoussoukro,AF,.ci,XOF,Franc,225,,,fr-CI,LR GH GN BF ML 
"301,230 square kilometres","60,340,328",IT,Italy,Rome,EU,.it,EUR,Euro,39,#####,^(\d{5})$,"it-IT,de-IT,fr-IT,sc,ca,co,sl",CH VA SI SM FR AT 
"20,770 square kilometres","7,353,985",IL,Israel,Jerusalem,AS,.il,ILS,Shekel,972,#####,^(\d{5})$,"he,ar-IL,en-IL,",SY JO LB EG PS 
572 square kilometres,"75,049",IM,Isle of Man,"Douglas, Isle of Man",EU,.im,GBP,Pound,-1580,@# #@@|@## #@@|@@# #@@|@@## #@@|@#@ #@@|@@#@ #@@|GIR0AA,^(([A-Z]\d{2}[A-Z]{2})|([A-Z]\d{3}[A-Z]{2})|([A-Z]{2}\d{2}[A-Z]{2})|([A-Z]{2}\d{3}[A-Z]{2})|([A-Z]\d[A-Z]\d[A-Z]{2})|([A-Z]{2}\d[A-Z]\d[A-Z]{2})|(GIR0AA))$,"en,gv", 
"70,280 square kilometres","4,622,917",IE,Ireland,Dublin,EU,.ie,EUR,Euro,353,,,"en-IE,ga-IE",GB 
"437,072 square kilometres","29,671,605",IQ,Iraq,Baghdad,AS,.iq,IQD,Dinar,964,#####,^(\d{5})$,"ar-IQ,ku,hy",SY SA IR JO TR KW 
"1,648,000 square kilometres","76,923,300",IR,Iran,Tehran,AS,.ir,IRR,Rial,98,##########,^(\d{10})$,"fa-IR,ku",TM AF IQ AM PK AZ TR 
"1,919,440 square kilometres","242,968,342",ID,Indonesia,Jakarta,AS,.id,IDR,Rupiah,62,#####,^(\d{5})$,"id,en,nl,jv",PG TL MY 
"3,287,590 square kilometres","1,173,108,018",IN,India,New Delhi,AS,.in,INR,Rupee,91,######,^(\d{6})$,"en-IN,hi,bn,te,mr,ta,ur,gu,kn,ml,or,pa,as,bh,sat,ks,ne,sd,kok,doi,mni,sit,sa,fr,lus,inc",CN NP MM BT PK BD 
"103,000 square kilometres","308,910",IS,Iceland,Reykjavik,EU,.is,ISK,Krona,354,###,^(\d{3})$,"is,en,de,da,sv,no", 
"93,030 square kilometres","9,982,000",HU,Hungary,Budapest,EU,.hu,HUF,Forint,36,####,^(\d{4})$,hu-HU,SK SI RO UA CS HR AT RS 
"1,092 square kilometres","6,898,686",HK,Hong Kong,Hong Kong,AS,.hk,HKD,Dollar,852,,,"zh-HK,yue,zh,en", 
"112,090 square kilometres","7,989,415",HN,Honduras,Tegucigalpa,NA,.hn,HNL,Lempira,504,@@####,^([A-Z]{2}\d{4})$,es-HN,GT NI SV 
412 square kilometres,0,HM,Heard Island and McDonald Islands,,AN,.hm,AUD,Dollar,,,,, 
"27,750 square kilometres","9,648,924",HT,Haiti,Port-au-Prince,NA,.ht,HTG,Gourde,509,HT####,^(?:HT)*(\d{4})$,"ht,fr-HT",DO 
"214,970 square kilometres","748,486",GY,Guyana,Georgetown,SA,.gy,GYD,Dollar,592,,,en-GY,SR BR VE 
"36,120 square kilometres","1,565,126",GW,Guinea-Bissau,Bissau,AF,.gw,XOF,Franc,245,####,^(\d{4})$,"pt-GW,pov",SN GN 
"245,857 square kilometres","10,324,025",GN,Guinea,Conakry,AF,.gn,GNF,Franc,224,,,fr-GN,LR SN SL CI GW ML 
78 square kilometres,"65,228",GG,Guernsey,St Peter Port,EU,.gg,GBP,Pound,-1437,@# #@@|@## #@@|@@# #@@|@@## #@@|@#@ #@@|@@#@ #@@|GIR0AA,^(([A-Z]\d{2}[A-Z]{2})|([A-Z]\d{3}[A-Z]{2})|([A-Z]{2}\d{2}[A-Z]{2})|([A-Z]{2}\d{3}[A-Z]{2})|([A-Z]\d[A-Z]\d[A-Z]{2})|([A-Z]{2}\d[A-Z]\d[A-Z]{2})|(GIR0AA))$,"en,fr", 
"108,890 square kilometres","13,550,440",GT,Guatemala,Guatemala City,NA,.gt,GTQ,Quetzal,502,#####,^(\d{5})$,es-GT,MX HN BZ SV 
549 square kilometres,"159,358",GU,Guam,Hagatna,OC,.gu,USD,Dollar,-670,969##,^(969\d{2})$,"en-GU,ch-GU", 
"1,780 square kilometres","443,000",GP,Guadeloupe,Basse-Terre,NA,.gp,EUR,Euro,590,#####,^((97|98)\d{3})$,fr-GP,AN 
344 square kilometres,"107,818",GD,Grenada,St. George's,NA,.gd,XCD,Dollar,-472,,,en-GD, 
"2,166,086 square kilometres","56,375",GL,Greenland,Nuuk,NA,.gl,DKK,Krone,299,####,^(\d{4})$,"kl,da-GL,en", 
"131,940 square kilometres","11,000,000",GR,Greece,Athens,EU,.gr,EUR,Euro,30,### ##,^(\d{5})$,"el-GR,en,fr",AL MK TR BG 
6 square kilometres,"27,884",GI,Gibraltar,Gibraltar,EU,.gi,GIP,Pound,350,,,"en-GI,es,it,pt",ES 
"239,460 square kilometres","24,339,838",GH,Ghana,Accra,AF,.gh,GHS,Cedi,233,,,"en-GH,ak,ee,tw",CI TG BF 
"357,021 square kilometres","81,802,257",DE,Germany,Berlin,EU,.de,EUR,Euro,49,#####,^(\d{5})$,de,CH PL NL DK BE CZ LU FR AT 
"69,700 square kilometres","4,630,000",GE,Georgia,Tbilisi,AS,.ge,GEL,Lari,995,####,^(\d{4})$,"ka,ru,hy,az",AM AZ TR RU 
"11,300 square kilometres","1,593,256",GM,Gambia,Banjul,AF,.gm,GMD,Dalasi,220,,,"en-GM,mnk,wof,wo,ff",SN 
"267,667 square kilometres","1,545,255",GA,Gabon,Libreville,AF,.ga,XAF,Franc,241,,,fr-GA,CM GQ CG 
"7,829 square kilometres",140,TF,French Southern Territories,Port-aux-Francais,AN,.tf,EUR,Euro,,,,fr, 
"4,167 square kilometres","270,485",PF,French Polynesia,Papeete,OC,.pf,XPF,Franc,689,#####,^((97|98)7\d{2})$,"fr-PF,ty", 
"91,000 square kilometres","195,506",GF,French Guiana,Cayenne,SA,.gf,EUR,Euro,594,#####,^((97|98)3\d{2})$,fr-GF,SR BR 
"547,030 square kilometres","64,768,389",FR,France,Paris,EU,.fr,EUR,Euro,33,#####,^(\d{5})$,"fr-FR,frp,br,co,ca,eu,oc",CH DE BE LU IT AD MC ES 
"337,030 square kilometres","5,244,000",FI,Finland,Helsinki,EU,.fi,EUR,Euro,358,#####,^(?:FI)*(\d{5})$,"fi-FI,sv-FI,smn",NO RU SE 
"18,270 square kilometres","875,983",FJ,Fiji,Suva,OC,.fj,FJD,Dollar,679,,,"en-FJ,fj", 
"1,399 square kilometres","48,228",FO,Faroe Islands,Torshavn,EU,.fo,DKK,Krone,298,FO-###,^(?:FO)*(\d{3})$,"fo,da-FO", 
"12,173 square kilometres","2,638",FK,Falkland Islands,Stanley,SA,.fk,FKP,Pound,500,,,en-FK, 
"1,127,127 square kilometres","88,013,491",ET,Ethiopia,Addis Ababa,AF,.et,ETB,Birr,251,####,^(\d{4})$,"am,en-ET,om-ET,ti-ET,so-ET,sid",ER KE SD SS SO DJ 
"45,226 square kilometres","1,291,170",EE,Estonia,Tallinn,EU,.ee,EUR,Euro,372,#####,^(\d{5})$,"et,ru",RU LV 
"121,320 square kilometres","5,792,984",ER,Eritrea,Asmara,AF,.er,ERN,Nakfa,291,,,"aa-ER,ar,tig,kun,ti-ER",ET SD DJ 
"28,051 square kilometres","1,014,999",GQ,Equatorial Guinea,Malabo,AF,.gq,XAF,Franc,240,,,"es-GQ,fr",GA CM 
"21,040 square kilometres","6,052,064",SV,El Salvador,San Salvador,NA,.sv,USD,Dollar,503,CP ####,^(?:CP)*(\d{4})$,es-SV,GT HN 
"1,001,450 square kilometres","80,471,869",EG,Egypt,Cairo,AF,.eg,EGP,Pound,20,#####,^(\d{5})$,"ar-EG,en,fr",LY SD IL 
"283,560 square kilometres","14,790,608",EC,Ecuador,Quito,SA,.ec,USD,Dollar,593,@####@,^([a-zA-Z]\d{4}[a-zA-Z])$,es-EC,PE CO 
"15,007 square kilometres","1,154,625",TL,East Timor,Dili,OC,.tl,USD,Dollar,670,,,"tet,pt-TL,id,en",ID 
"48,730 square kilometres","9,823,821",DO,Dominican Republic,Santo Domingo,NA,.do,DOP,Peso,+1-809 and 1-829,#####,^(\d{5})$,es-DO,HT 
754 square kilometres,"72,813",DM,Dominica,Roseau,NA,.dm,XCD,Dollar,-766,,,en-DM, 
"23,000 square kilometres","740,528",DJ,Djibouti,Djibouti,AF,.dj,DJF,Franc,253,,,"fr-DJ,ar,so-DJ,aa",ER ET SO 
"43,094 square kilometres","5,484,000",DK,Denmark,Copenhagen,EU,.dk,DKK,Krone,45,####,^(\d{4})$,"da-DK,en,fo,de-DK",DE 
"2,345,410 square kilometres","70,916,439",CD,Democratic Republic of the Congo,Kinshasa,AF,.cd,CDF,Franc,243,,,"fr-CD,ln,kg",TZ CF SS RW ZM BI UG CG AO 
"78,866 square kilometres","10,476,000",CZ,Czech Republic,Prague,EU,.cz,CZK,Koruna,420,### ##,^(\d{5})$,"cs,sk",PL DE SK AT 
"9,250 square kilometres","1,102,677",CY,Cyprus,Nicosia,EU,.cy,EUR,Euro,357,####,^(\d{4})$,"el-CY,tr-CY,en", 
444 square kilometres,"141,766",CW,Curacao,Willemstad,NA,.cw,ANG,Guilder,599,,,"nl,pap", 
"110,860 square kilometres","11,423,000",CU,Cuba,Havana,NA,.cu,CUP,Peso,53,CP #####,^(?:CP)*(\d{5})$,es-CU,US 
"56,542 square kilometres","4,491,000",HR,Croatia,Zagreb,EU,.hr,HRK,Kuna,385,#####,^(?:HR)*(\d{5})$,"hr-HR,sr",HU SI CS BA ME RS 
"51,100 square kilometres","4,516,220",CR,Costa Rica,San Jose,NA,.cr,CRC,Colon,506,####,^(\d{4})$,"es-CR,en",PA NI 
240 square kilometres,"21,388",CK,Cook Islands,Avarua,OC,.ck,NZD,Dollar,682,,,"en-CK,mi", 
"2,170 square kilometres","773,407",KM,Comoros,Moroni,AF,.km,KMF,Franc,269,,,"ar,fr-KM", 
"1,138,910 square kilometres","44,205,293",CO,Colombia,Bogota,SA,.co,COP,Peso,57,,,es-CO,EC PE PA BR VE 
14 square kilometres,628,CC,Cocos Islands,West Island,AS,.cc,AUD,Dollar,61,,,"ms-CC,en", 
135 square kilometres,"1,500",CX,Christmas Island,Flying Fish Cove,AS,.cx,AUD,Dollar,61,####,^(\d{4})$,"en,zh,ms-CC", 
"9,596,960 square kilometres","1,330,044,000",CN,China,Beijing,AS,.cn,CNY,Yuan Renminbi,86,######,^(\d{6})$,"zh-CN,yue,wuu,dta,ug,za",LA BT TJ KZ MN AF NP MM KG PK KP RU VN IN 
"756,950 square kilometres","16,746,491",CL,Chile,Santiago,SA,.cl,CLP,Peso,56,#######,^(\d{7})$,es-CL,PE BO AR 
"1,284,000 square kilometres","10,543,464",TD,Chad,N'Djamena,AF,.td,XAF,Franc,235,,,"fr-TD,ar-TD,sre",NE LY CF SD CM NG 
"622,984 square kilometres","4,844,927",CF,Central African Republic,Bangui,AF,.cf,XAF,Franc,236,,,"fr-CF,sg,ln,kg",TD SD CD SS CM CG 
262 square kilometres,"44,270",KY,Cayman Islands,George Town,NA,.ky,KYD,Dollar,-344,,,en-KY, 
"4,033 square kilometres","508,659",CV,Cape Verde,Praia,AF,.cv,CVE,Escudo,238,####,^(\d{4})$,pt-CV, 
"9,984,670 square kilometres","33,679,000",CA,Canada,Ottawa,NA,.ca,CAD,Dollar,1,@#@ #@#,^([ABCEGHJKLMNPRSTVXY]\d[ABCEGHJKLMNPRSTVWXYZ]) ?(\d[ABCEGHJKLMNPRSTVWXYZ]\d)$,"en-CA,fr-CA,iu",US 
"475,440 square kilometres","19,294,149",CM,Cameroon,Yaounde,AF,.cm,XAF,Franc,237,,,"en-CM,fr-CM",TD CF GA GQ CG NG 
"181,040 square kilometres","14,453,680",KH,Cambodia,Phnom Penh,AS,.kh,KHR,Riels,855,#####,^(\d{5})$,"km,fr,en",LA TH VN 
"27,830 square kilometres","9,863,117",BI,Burundi,Bujumbura,AF,.bi,BIF,Franc,257,,,"fr-BI,rn",TZ CD RW 
"274,200 square kilometres","16,241,811",BF,Burkina Faso,Ouagadougou,AF,.bf,XOF,Franc,226,,,fr-BF,NE BJ GH CI TG ML 
"110,910 square kilometres","7,148,785",BG,Bulgaria,Sofia,EU,.bg,BGN,Lev,359,####,^(\d{4})$,"bg,tr-BG",MK GR RO CS TR RS 
"5,770 square kilometres","395,027",BN,Brunei,Bandar Seri Begawan,AS,.bn,BND,Dollar,673,@@####,^([A-Z]{2}\d{4})$,"ms-BN,en-BN",MY 
153 square kilometres,"21,730",VG,British Virgin Islands,Road Town,NA,.vg,USD,Dollar,-283,,,en-VG, 
60 square kilometres,"4,000",IO,British Indian Ocean Territory,Diego Garcia,AS,.io,USD,Dollar,246,,,en-IO, 
"8,511,965 square kilometres","201,103,330",BR,Brazil,Brasilia,SA,.br,BRL,Real,55,#####-###,^(\d{8})$,"pt-BR,es,en,fr",SR PE BO UY GY PY GF VE CO AR 
49 square kilometres,0,BV,Bouvet Island,,AN,.bv,NOK,Krone,,,,, 
"600,370 square kilometres","2,029,307",BW,Botswana,Gaborone,AF,.bw,BWP,Pula,267,,,"en-BW,tn-BW",ZW ZA NA 
"51,129 square kilometres","4,590,000",BA,Bosnia and Herzegovina,Sarajevo,EU,.ba,BAM,Marka,387,#####,^(\d{5})$,"bs,hr-BA,sr-BA",CS HR ME RS 
328 square kilometres,"18,012",BQ,"Bonaire, Saint Eustatius and Saba",,NA,.bq,USD,Dollar,599,,,"nl,pap,en", 
"1,098,580 square kilometres","9,947,418",BO,Bolivia,Sucre,SA,.bo,BOB,Boliviano,591,,,"es-BO,qu,ay",PE CL PY BR AR 
"47,000 square kilometres","699,847",BT,Bhutan,Thimphu,AS,.bt,BTN,Ngultrum,975,,,dz,CN IN 
53 square kilometres,"65,365",BM,Bermuda,Hamilton,NA,.bm,BMD,Dollar,-440,@@ ##,^([A-Z]{2}\d{2})$,"en-BM,pt", 
"112,620 square kilometres","9,056,010",BJ,Benin,Porto-Novo,AF,.bj,XOF,Franc,229,,,fr-BJ,NE TG BF NG 
"22,966 square kilometres","314,522",BZ,Belize,Belmopan,NA,.bz,BZD,Dollar,501,,,"en-BZ,es",GT MX 
"30,510 square kilometres","10,403,000",BE,Belgium,Brussels,EU,.be,EUR,Euro,32,####,^(\d{4})$,"nl-BE,fr-BE,de-BE",DE NL LU FR 
"207,600 square kilometres","9,685,000",BY,Belarus,Minsk,EU,.by,BYR,Ruble,375,######,^(\d{6})$,"be,ru",PL LT UA RU LV 
431 square kilometres,"285,653",BB,Barbados,Bridgetown,NA,.bb,BBD,Dollar,-245,BB#####,^(?:BB)*(\d{5})$,en-BB, 
"144,000 square kilometres","156,118,464",BD,Bangladesh,Dhaka,AS,.bd,BDT,Taka,880,####,^(\d{4})$,"bn-BD,en",MM IN 
665 square kilometres,"738,004",BH,Bahrain,Manama,AS,.bh,BHD,Dinar,973,####|###,^(\d{3}\d?)$,"ar-BH,en,fa,ur", 
"13,940 square kilometres","301,790",BS,Bahamas,Nassau,NA,.bs,BSD,Dollar,-241,,,en-BS, 
"86,600 square kilometres","8,303,512",AZ,Azerbaijan,Baku,AS,.az,AZN,Manat,994,AZ ####,^(?:AZ)*(\d{4})$,"az,ru,hy",GE IR AM TR RU 
"83,858 square kilometres","8,205,000",AT,Austria,Vienna,EU,.at,EUR,Euro,43,####,^(\d{4})$,"de-AT,hr,hu,sl",CH DE HU SK CZ IT SI LI 
"7,686,850 square kilometres","21,515,754",AU,Australia,Canberra,OC,.au,AUD,Dollar,61,####,^(\d{4})$,en-AU, 
193 square kilometres,"71,566",AW,Aruba,Oranjestad,NA,.aw,AWG,Guilder,297,,,"nl-AW,es,en", 
"29,800 square kilometres","2,968,000",AM,Armenia,Yerevan,AS,.am,AMD,Dram,374,######,^(\d{6})$,hy,GE IR AZ TR 
"2,766,890 square kilometres","41,343,201",AR,Argentina,Buenos Aires,SA,.ar,ARS,Peso,54,@####@@@,^([A-Z]\d{4}[A-Z]{3})$,"es-AR,en,it,de,fr,gn",CL BO UY PY BR 
443 square kilometres,"86,754",AG,Antigua and Barbuda,St. John's,NA,.ag,XCD,Dollar,-267,,,en-AG, 
"14,000,000 square kilometres",0,AQ,Antarctica,,AN,.aq,,,,,,, 
102 square kilometres,"13,254",AI,Anguilla,The Valley,NA,.ai,XCD,Dollar,-263,,,en-AI, 
"1,246,700 square kilometres","13,068,161",AO,Angola,Luanda,AF,.ao,AOA,Kwanza,244,,,pt-AO,CD NA ZM CG 
468 square kilometres,"84,000",AD,Andorra,Andorra la Vella,EU,.ad,EUR,Euro,376,AD###,^(?:AD)*(\d{3})$,ca,ES FR 
199 square kilometres,"57,881",AS,American Samoa,Pago Pago,OC,.as,USD,Dollar,-683,,,"en-AS,sm,to", 
"2,381,740 square kilometres","34,586,184",DZ,Algeria,Algiers,AF,.dz,DZD,Dinar,213,#####,^(\d{5})$,ar-DZ,NE EH LY MR TN MA ML 
"28,748 square kilometres","2,986,952",AL,Albania,Tirana,EU,.al,ALL,Lek,355,,,"sq,el",MK GR CS ME RS XK 
"1,580 square kilometres","26,711",AX,Aland Islands,Mariehamn,EU,.ax,EUR,Euro,340,#####,^(?:FI)*(\d{5})$,sv-AX, 
"647,500 square kilometres","29,121,286",AF,Afghanistan,Kabul,AS,.af,AFN,Afghani,93,,,"fa-AF,ps,uz-AF,tk",TM CN IR TJ PK UZ 
